num,x,y,temp,RGB
0,9.7523727417,9.40249156952,17.2999992371,#7F837D
1,10.126206398,10.5736837387,17.2999992371,#7F837D
2,10.4694538116,9.72441673279,17.2999992371,#7F837D
3,11.452712059,9.81443500519,17.2999992371,#7F837D
4,10.6518592834,8.86252784729,17.2999992371,#7F837D
